cg10139015,cg23507676,cg11001216,cg04539775,cg04985016,Age_Yon,V1_Height_Waist_ratio,V2_family_his_diab_Yon,V2_pt_of_hba1c_Yon,V2_BP_rding1_sys_Yon,V2_BP_rding1_dia_Yon
-0.1048499491858148,-0.7695025358211773,-0.6238004682237576,-0.2606279174479173,-0.4562995568247862,0.1855959855279738,-0.2086623265736718,-1.115113564113344,0.3168006487728226,2.2597950914044063,2.920323846624823
0.3681921114402808,-0.9171646829022868,0.2270546056663246,-1.2108521415781872,-1.004913503126209,0.7236158087438985,-0.9053518982239231,-1.115113564113344,-2.2711012208859085,-1.772436827786442,-0.9489630349843372
-0.7762079461743573,-0.6968530097942788,-1.0841101820041072,-0.6800730715475336,-0.8840017928016476,-0.6214337492959131,0.1345271401956574,0.8967696494617802,0.5324591379110514,-0.9659904439482722,-1.3492340917025265
0.4746366984388691,0.6471459570821453,-0.9599260508754278,1.1065164536592167,1.2467242455201024,2.3376752783916723,-1.674815368420412,0.8967696494617802,-2.486759710024135,-0.6635730500089586,-0.5486919782661484
0.0352518247611162,-0.4165769910890908,0.194057882760435,0.0396589483371713,0.7909191226532658,1.2616356319598232,0.2979069680702397,-1.115113564113344,0.5324591379110514,-0.5627672520291874,-0.8155393494116077
